GROUPBY_int_0, groupby_int_1, JOIN_string_0, join_string_1, COMPARE_float_0, compare_float_1
31,7,"kqeegrgqp","abcs",-89.21,-80.35
44,-91,"sefgm","sefgm",95.19,-23.15
35,-93,"rnelomnqq","kdndgp",-31.02,-63.4
-20,80,"mlgnsafsfn","ncosio",-35.38,83.5
45,18,"bgkb","f",94.35,24.23
-54,-9,"cfebbs","okn",-82.15,91.85
-100,7,"","ksgss",93.97,56.73
-8,34,"d","dgq",15.39,-87.59
51,31,"g","rnelomnqq",-97.38,-18.58
-22,-11,"ebqhe","gcsml",-68.55,-51.17
-61,43,"rnelomnqq","ncosio",-5.22,-90.01
41,-31,"mfonorr","nqqnid",-73.23,-12.72
83,95,"ropadols","fn",-19.51,59.46
63,-55,"abcs","kdndgp",-5.41,56.07
-32,-94,"","",27.67,-15.9
8,31,"ddlrd","sefgm",-19.48,93.14
-47,-23,"d","abld",-79.13,-32.36
32,48,"","",58.47,46.39
-49,-30,"kror","jlohahpa",-88.91,-15.68
26,46,"","",-81.06,18.08
28,-90,"","d",59.7,70.95
-80,-94,"cdl","f",45.1,-97.74
-59,7,"rddnci","ebqhe",1.26,39.57
-11,-77,"kdndgp","qhamdn",4.9,-1.63
43,17,"rnelomnqq","ddlrd",-93.42,-72.62
-11,33,"bgkb","khidignbnd",89.03,-82.08
73,66,"dkofr","ds",17.76,-16.21
-59,-54,"mfonorr","dgq",-31.6,26.76
-91,-50,"g","rddnci",-31.43,86.96
-66,75,"f","bgkb",68.0,97.54
60,-77,"prme","",14.87,0.59
92,-4,"g","ncosio",-46.33,-37.89
-95,12,"hpdbfnqcaf","gao",14.83,99.88
-43,77,"f","hqjpo",9.87,-19.2
-23,-81,"qcfacimfsk","ksgss",-44.43,42.63
23,21,"kf","g",-45.43,-59.82
5,27,"ah","cfebbs",-49.21,-59.03
-49,-90,"d","phlk",89.33,11.63
-20,94,"rddnci","ebqhe",-25.48,83.3
-94,52,"cfebbs","",77.14,-56.65
11,96,"dgq","rddnci",12.35,-5.75
45,10,"hpdbfnqcaf","",-96.06,31.28
85,-65,"","jlohahpa",47.64,24.38
74,-14,"kqeegrgqp","nqqnid",-66.45,5.18
76,-42,"gao","f",10.6,-75.18
-96,-67,"qcfacimfsk","",72.44,67.79
-57,38,"okn","ropadols",50.71,26.46
16,58,"dgq","gao",-36.07,-23.47
76,33,"dgq","",68.05,-38.75
-50,78,"phlk","fn",16.61,-71.71
26,56,"dgq","gcsml",-45.89,26.46
32,-3,"kqeegrgqp","ebqhe",-64.56,67.89
-79,4,"ds","cfebbs",89.34,-48.0
-21,79,"gao","g",-29.78,67.39
-45,90,"","mlgnsafsfn",54.38,-31.81
96,52,"d","lsib",-31.65,-9.67
86,-2,"mfonorr","nch",-66.81,5.74
32,-25,"ddlrd","prme",-26.95,77.73
-47,-17,"oc","nqqnid",74.41,70.13
-46,-95,"ah","abcs",-13.18,92.55
94,-13,"g","qhamdn",-37.22,-25.42
-2,-20,"mfonorr","gcsml",77.79,70.76
44,-6,"abld","mfonorr",14.05,-64.42
31,-42,"dgq","cdl",52.26,39.25
-88,-94,"qhamdn","hpdbfnqcaf",-78.5,-47.38
-80,-58,"mfonorr","dgq",28.04,85.47
42,100,"lskdj","g",73.67,-70.6
-59,-36,"hqjpo","ddlrd",29.21,-58.24
5,-22,"abcs","oc",81.97,-77.76
-72,-22,"g","kror",-1.31,-48.12
-86,-24,"jlohahpa","nch",-45.11,-37.17
32,-52,"nqqnid","kdndgp",74.22,-88.83
-25,4,"ah","cfebbs",-44.44,-43.7
-100,22,"","rnelomnqq",18.52,46.15
48,88,"phlk","phlk",7.92,7.01
-71,-91,"kror","oc",23.52,64.35
61,-49,"mlgnsafsfn","okn",53.23,-46.75
10,42,"","kror",9.78,98.04
-25,-61,"rnelomnqq","g",-34.81,-20.87
-70,-50,"e","",-35.65,43.95
84,-89,"lsib","kror",42.22,62.23
-55,97,"dgq","qhamdn",-83.7,-60.12
35,99,"f","qhamdn",82.53,0.97
3,89,"nch","rnelomnqq",-16.37,-84.59
96,-4,"el","ah",-99.48,24.03
97,-51,"ksgss","e",-98.13,-98.1
-52,77,"ds","kdndgp",-50.59,19.31
66,31,"cfebbs","nqqnid",51.15,74.13
-46,85,"dgq","e",-0.58,-6.42
-47,-53,"abld","f",5.33,-96.24
-26,-51,"ds","gcsml",-42.82,-57.42
17,77,"kror","ah",-49.2,18.94
-20,-59,"oc","bgkb",19.92,6.2
-96,-39,"gcsml","jlohahpa",-92.09,-44.88
-53,-52,"fn","e",48.48,-98.53
-74,22,"kf","qhamdn",-55.68,48.3
-72,-87,"el","ds",-45.24,77.14
49,50,"kqeegrgqp","d",87.16,-43.33
6,-61,"","gao",-73.71,-18.31
-32,-75,"kf","phlk",8.65,-85.02
65,69,"","mlgnsafsfn",19.7,36.55
-3,43,"nch","e",80.81,74.01
32,-83,"cfebbs","kqeegrgqp",91.22,-94.89
29,-81,"kror","ddlrd",18.81,-92.64
-28,-1,"okn","rddnci",59.72,-19.46
52,-64,"cfebbs","kqeegrgqp",-95.07,97.7
-47,62,"e","ddlrd",-75.41,-97.87
-21,72,"abld","abcs",-56.51,-81.19
31,-25,"ddlrd","abcs",-13.09,-85.66
-51,31,"rnelomnqq","kdndgp",-25.23,-5.45
1,-82,"kqeegrgqp","mfonorr",84.12,-87.81
12,5,"f","sefgm",79.18,-82.9
-32,53,"oc","sefgm",-23.67,-30.4
-99,14,"khidignbnd","nch",-59.7,-7.71
-2,-68,"ddlrd","e",48.91,-48.76
-25,-67,"nqqnid","ncosio",-31.07,-46.17
-45,-28,"mfonorr","bgkb",69.35,-36.03
95,-7,"qhamdn","abld",-70.47,-83.38
30,-58,"ncosio","d",63.49,-26.82
-78,-84,"","kdndgp",-5.76,-69.21
72,-98,"ah","",19.19,-87.83
13,59,"dkofr","",-27.24,9.73
-59,-64,"lsib","mfonorr",0.08,-13.28
43,-36,"kqeegrgqp","f",1.15,44.65
-93,93,"phlk","g",81.98,4.49
-43,-56,"f","kror",49.02,33.81
100,-56,"nqqnid","d",27.62,-24.07
90,-77,"bgkb","ds",45.22,52.61
57,-81,"cdl","phlk",92.33,-90.48
-45,-65,"kror","kqeegrgqp",32.96,-29.82
27,18,"dgq","kror",-7.57,-68.88
-60,26,"ah","ncosio",-71.95,-28.62
9,-97,"kf","ksgss",-62.55,25.22
-78,-12,"ebqhe","hqjpo",-54.37,26.97
-18,50,"gao","dkofr",-85.49,83.25
6,-36,"khidignbnd","",49.76,-21.6
6,11,"d","g",-99.33,-77.06
9,-33,"","prme",7.84,25.81
-1,85,"ksgss","qcfacimfsk",49.03,84.14
64,-1,"bgkb","f",-24.67,-3.22
54,22,"phlk","qcfacimfsk",-6.2,89.81
-43,-39,"","hqjpo",71.83,-50.79
-46,-18,"kror","rddnci",-63.49,82.36
27,21,"","dkofr",20.47,-14.42
46,55,"khidignbnd","",-79.59,54.4
-77,89,"abld","",-78.6,4.09
52,41,"cdl","bgkb",1.48,35.91
32,16,"kdndgp","lsib",-56.1,-32.33
-20,-44,"nch","qhamdn",42.67,-20.5
-25,-11,"nqqnid","gcsml",-12.76,85.77
97,42,"mfonorr","abld",39.88,39.56
-73,15,"okn","ddlrd",17.09,-83.11
-66,-67,"fn","",68.3,-61.83
62,-50,"sefgm","kqeegrgqp",-74.64,-40.88
-17,-36,"lskdj","dkofr",98.11,63.79
-75,29,"abld","ncosio",42.85,-79.76
1,-2,"kror","d",94.94,12.74
-52,38,"kf","d",23.68,11.45
25,-98,"oc","okn",-3.07,17.47
-84,-83,"lskdj","ropadols",60.24,-92.62
53,-42,"ddlrd","",85.89,43.33
35,-43,"","g",-11.87,-59.25
93,86,"","mlgnsafsfn",78.43,-50.04
82,-32,"dkofr","",-74.49,-12.65
-5,-20,"hqjpo","qcfacimfsk",-24.6,43.61
74,-50,"nch","ebqhe",-44.06,-26.58
98,-40,"oc","gcsml",50.1,62.27
-90,-8,"ncosio","okn",47.13,-89.56
-46,-13,"","jlohahpa",-83.82,-42.99
-83,-7,"qcfacimfsk","g",25.61,-16.95
53,30,"fn","",69.54,-90.78
37,-50,"ksgss","lskdj",-61.4,-60.12
82,8,"mfonorr","fn",86.29,68.57
-28,43,"okn","kror",-48.96,26.76
9,18,"kdndgp","gao",2.74,-24.06
32,30,"fn","dkofr",-55.27,-71.32
-92,-61,"dgq","rddnci",-32.11,-12.53
49,63,"cfebbs","rnelomnqq",-34.3,-99.33
-48,-1,"mfonorr","sefgm",-52.21,-5.31
-6,18,"gcsml","cfebbs",40.83,67.32
-3,13,"abld","d",-66.63,12.07
40,-88,"","ddlrd",-31.09,83.97
-50,57,"ksgss","rddnci",-29.38,57.28
15,-72,"mlgnsafsfn","ksgss",-37.95,28.15
-31,60,"ksgss","abld",-19.89,55.24
-14,-73,"jlohahpa","qcfacimfsk",12.17,44.58
32,86,"cfebbs","f",-20.14,6.61
-96,-57,"","rddnci",55.42,65.58
-1,-98,"mlgnsafsfn","cfebbs",-70.99,20.6
-85,12,"kdndgp","qhamdn",-47.03,35.5
12,-98,"ds","rddnci",10.46,-15.23
-11,-70,"nch","qhamdn",30.4,39.86
-15,-8,"dkofr","ncosio",-38.86,-30.95
-20,82,"kdndgp","cdl",-99.15,-32.57
34,-90,"ncosio","ebqhe",89.78,98.94
61,-83,"g","f",54.55,11.37
2,-93,"gcsml","kdndgp",20.39,31.34
-45,-18,"ropadols","",-83.45,56.49
15,19,"jlohahpa","kf",12.71,93.29
-63,-12,"ncosio","rnelomnqq",-11.41,64.66
82,-59,"khidignbnd","phlk",-3.25,48.43
-83,10,"nch","f",-31.73,23.14
-84,-12,"kror","khidignbnd",-22.66,93.12
-77,76,"cfebbs","mfonorr",-9.65,47.67
-73,-59,"cdl","f",76.64,72.69
-42,38,"","phlk",-50.81,-30.76
-77,-62,"ebqhe","abcs",67.69,17.19
-13,-24,"okn","kror",96.6,-95.01
-16,-81,"gao","",-15.21,-90.91
44,60,"cdl","bgkb",-99.99,-90.74
73,-63,"qhamdn","okn",-74.4,72.68
-16,54,"mfonorr","ah",-81.59,-76.96
-64,98,"jlohahpa","khidignbnd",-79.56,34.48
-16,-86,"kqeegrgqp","hqjpo",-11.44,-94.94
-41,-79,"lskdj","",-14.58,66.26
-86,5,"rnelomnqq","mlgnsafsfn",-49.2,36.66
-79,-17,"g","phlk",58.3,-20.48
-76,48,"ebqhe","gcsml",52.46,-58.45
-99,82,"gao","rnelomnqq",-23.51,-35.87
-67,-2,"g","lsib",-53.44,-42.8
55,-79,"lsib","f",-29.43,-31.51
-12,-79,"fn","ah",-74.16,-95.03
-21,-17,"rddnci","g",-83.3,-26.88
60,33,"qhamdn","kf",-46.38,48.98
-24,52,"ncosio","hpdbfnqcaf",-71.68,-97.3
-9,53,"hpdbfnqcaf","gao",75.73,0.23
-67,-5,"jlohahpa","qhamdn",68.32,86.14
90,-35,"g","ncosio",-75.04,77.76
76,-31,"","cdl",-93.11,79.81
62,47,"rddnci","bgkb",87.8,94.34
97,-60,"nqqnid","g",-47.51,-5.21
-75,99,"oc","ddlrd",68.9,3.89
-89,-98,"rnelomnqq","el",37.78,-25.25
-81,1,"khidignbnd","prme",72.52,-13.89
-74,23,"ddlrd","ds",-73.83,2.67
-46,-27,"fn","kf",-97.9,22.6
79,48,"hpdbfnqcaf","kf",-92.19,-74.39
55,44,"sefgm","ebqhe",-49.42,-91.7
-50,-58,"","ncosio",96.51,-28.84
-64,51,"abcs","dgq",23.89,0.21
55,-1,"nqqnid","el",-94.7,14.41
-43,-96,"kdndgp","dgq",-92.66,21.74
68,-19,"qhamdn","hqjpo",4.83,79.64
71,-81,"sefgm","g",34.29,-47.46
31,33,"qhamdn","kf",16.41,-13.81
-5,-51,"prme","ropadols",91.65,-13.24
-45,-56,"ds","gao",28.9,-91.88
2,94,"g","ncosio",73.14,81.83
-50,13,"kf","g",-3.6,82.73
41,-70,"ropadols","",-86.71,70.14
76,-95,"f","g",-47.21,-58.34
18,-65,"g","kror",-4.75,24.78
100,62,"khidignbnd","fn",19.52,-45.02
-21,-28,"sefgm","lskdj",-33.03,90.92
-96,-2,"cdl","ah",-50.05,-51.59
63,-52,"sefgm","abld",85.19,29.86
91,39,"ebqhe","abld",-72.99,-48.25
-38,87,"phlk","bgkb",-9.4,48.7
-75,85,"nqqnid","phlk",-13.22,48.12
40,79,"ebqhe","cfebbs",-18.96,-85.66
-29,-62,"mfonorr","g",76.0,31.44
19,21,"","d",-75.74,-0.45
-43,85,"","abcs",43.16,-80.7
-85,-1,"gcsml","jlohahpa",-88.2,-63.08
83,-28,"g","ah",30.29,50.09
100,25,"ropadols","abcs",46.71,-86.32
38,-45,"qhamdn","khidignbnd",19.38,-86.73
-40,-47,"ropadols","prme",-51.63,-79.03
-42,16,"el","oc",99.55,29.85
-87,-82,"qhamdn","ksgss",-38.51,20.42
-34,85,"kf","khidignbnd",18.8,-76.95
-61,-3,"rddnci","g",78.53,31.87
-24,34,"ksgss","dkofr",81.15,-77.68
83,-41,"cdl","lskdj",-94.1,-46.0
82,85,"nch","qhamdn",21.83,-71.29
-13,85,"gao","g",-97.55,97.09
-93,-96,"prme","mfonorr",-22.85,-28.19
-22,86,"","g",57.24,31.44
-97,25,"bgkb","ebqhe",25.02,-51.99
49,-23,"ncosio","kdndgp",-21.29,98.24
79,-25,"el","oc",-61.8,76.27
31,-13,"mfonorr","sefgm",24.37,52.3
-95,74,"kror","rnelomnqq",0.82,17.65
47,30,"sefgm","dgq",49.66,20.72
41,56,"sefgm","hqjpo",83.61,-76.01
-30,56,"lsib","gao",-22.11,29.19
-17,22,"hpdbfnqcaf","rddnci",25.99,36.54
12,75,"nqqnid","dkofr",-36.05,-27.0
21,61,"bgkb","fn",80.55,-58.41
-85,-32,"khidignbnd","ds",75.6,-48.04
-23,-38,"fn","e",11.81,-70.5
-55,98,"el","gcsml",29.69,-30.71
58,93,"kf","cdl",-76.64,-5.71
-49,45,"kf","f",51.85,0.06
75,-40,"rnelomnqq","oc",18.1,71.87
73,3,"qcfacimfsk","el",7.98,-84.25
-23,-30,"kror","nqqnid",-93.04,-1.37
50,-3,"","f",87.65,-65.04
39,48,"mfonorr","ropadols",-15.72,-6.86
-2,59,"qcfacimfsk","lskdj",-12.87,-99.25
73,-78,"kf","",51.85,-88.61
-5,-63,"dgq","kf",-90.0,17.25
-97,13,"fn","cfebbs",-23.64,76.36
-32,-31,"ropadols","qcfacimfsk",86.62,-8.67
85,12,"mfonorr","oc",-74.16,74.93
-54,88,"ropadols","hpdbfnqcaf",-28.06,67.11
-53,76,"ah","ah",-67.93,-48.8
29,-11,"rnelomnqq","cfebbs",-18.17,-28.34
23,-91,"bgkb","gcsml",70.82,-45.28
-11,14,"abld","prme",-52.64,93.56
33,-9,"lskdj","ah",-60.3,-51.93
-33,-84,"gao","bgkb",-35.13,-81.27
-1,70,"ddlrd","hqjpo",53.11,24.76
-85,41,"gao","ebqhe",3.55,-83.02
93,-91,"okn","kdndgp",38.81,30.86
-69,26,"gcsml","kqeegrgqp",34.04,14.98
42,60,"","qhamdn",-23.65,-23.5
29,-90,"kqeegrgqp","kf",-81.68,99.72
58,-89,"dkofr","",-40.96,-45.81
-90,-22,"jlohahpa","",55.77,-77.5
-33,78,"cdl","mfonorr",33.85,61.55
93,81,"mlgnsafsfn","qhamdn",-78.34,11.66
-48,-4,"phlk","ksgss",-71.23,5.59
0,62,"gao","okn",51.02,-3.58
33,-51,"nch","nqqnid",-99.38,-40.98
-37,41,"cdl","",10.96,-83.12
-96,-95,"ksgss","gcsml",-0.93,11.32
-1,-16,"cfebbs","lskdj",-94.34,28.85
-78,-12,"kf","cdl",-64.59,-84.55
-57,-10,"gcsml","jlohahpa",-78.17,-99.09
62,31,"ds","kqeegrgqp",65.1,-43.01
81,90,"qcfacimfsk","abcs",34.04,34.21
18,97,"","nqqnid",-37.04,-20.4
74,50,"","kror",88.23,5.07
66,-72,"gcsml","g",62.21,-47.19
17,40,"ebqhe","g",71.14,46.31
19,98,"oc","ropadols",92.36,-63.29
-45,-12,"dkofr","lskdj",64.5,99.15
47,-95,"oc","fn",-51.25,52.98
64,-95,"qcfacimfsk","cdl",54.34,-21.2
90,1,"sefgm","bgkb",17.67,-12.1
-8,64,"kdndgp","",-76.1,53.77
99,19,"kror","cdl",84.79,51.48
22,-59,"cfebbs","nqqnid",18.64,4.39
-94,-53,"okn","ddlrd",-5.37,-62.62
91,8,"lsib","kf",14.84,42.88
-66,69,"","kror",13.52,81.74
87,80,"ksgss","cfebbs",66.81,-54.34
-14,31,"ah","e",92.28,-32.35
45,62,"khidignbnd","lskdj",-42.9,-7.04
-29,-71,"cfebbs","nqqnid",74.35,38.85
-62,-62,"ncosio","rnelomnqq",30.08,-96.97
79,-99,"oc","gao",43.36,-27.12
78,-50,"","kqeegrgqp",51.41,-13.65
44,-6,"f","kf",-67.49,71.87
50,42,"d","",-4.62,93.6
-33,52,"mfonorr","fn",-6.62,76.1
77,-85,"d","hpdbfnqcaf",77.07,3.18
-19,1,"gcsml","kf",-77.21,96.89
-34,96,"mlgnsafsfn","ncosio",-37.34,-38.54
79,-53,"mlgnsafsfn","dkofr",-19.17,33.29
-29,65,"","khidignbnd",-14.59,-36.52
24,53,"okn","cdl",56.39,29.8
89,-59,"e","ropadols",-59.14,67.12
-97,17,"bgkb","nch",-99.02,-67.51
-7,61,"khidignbnd","ksgss",-96.72,-62.33
-20,-21,"abcs","rddnci",-7.8,30.05
-14,74,"dkofr","rddnci",46.67,5.14
33,1,"g","lsib",-31.52,5.15
26,74,"sefgm","ropadols",68.48,34.31
-80,-88,"jlohahpa","phlk",-78.66,19.07
95,8,"phlk","gcsml",-32.31,-73.99
99,78,"","dkofr",-15.07,48.93
-76,70,"lsib","ncosio",-19.11,-43.0
20,-85,"f","abld",44.62,43.37
17,-55,"el","ksgss",-27.22,-66.78
-61,-88,"fn","cdl",-25.6,-74.82
-82,-24,"ah","rnelomnqq",64.8,-66.88
-61,-17,"f","cfebbs",-67.33,43.17
86,3,"","dgq",80.22,37.84
-45,-62,"kqeegrgqp","d",63.97,39.05
54,-40,"kror","mfonorr",40.1,-69.61
-82,73,"bgkb","sefgm",3.16,2.61
35,-93,"bgkb","kror",21.97,-38.47
-83,-11,"oc","abld",-51.97,6.07
23,100,"ds","rnelomnqq",-51.85,7.74
44,50,"bgkb","hpdbfnqcaf",-91.36,-43.76
72,86,"abcs","qhamdn",-49.24,-11.52
83,-68,"dgq","el",5.16,3.83
-31,-23,"nqqnid","",-7.78,-39.3
-37,98,"el","ebqhe",62.53,-72.09
87,-76,"dkofr","okn",21.98,64.52
72,38,"bgkb","cfebbs",31.37,50.97
-51,-47,"kqeegrgqp","jlohahpa",60.15,34.76
37,-62,"lsib","oc",33.07,-86.97
-71,-19,"bgkb","phlk",59.7,-14.24
16,-36,"gcsml","sefgm",-14.99,-84.9
88,71,"kror","bgkb",-83.29,-9.63
-76,-5,"bgkb","",-39.23,31.65
-6,-40,"","sefgm",33.02,48.42
-22,17,"rnelomnqq","",-67.43,55.8
26,16,"lskdj","qhamdn",-71.63,-46.43
45,24,"phlk","ddlrd",-7.11,-44.49
-80,-90,"lskdj","khidignbnd",22.51,51.84
74,-18,"kror","kror",-85.32,-40.11
-2,84,"lsib","abld",-78.99,73.05
-5,42,"rddnci","f",-74.73,-78.32
43,18,"jlohahpa","okn",-82.37,-73.36
51,-53,"g","kror",18.97,97.03
43,40,"rnelomnqq","phlk",63.54,-32.2
50,-57,"nqqnid","ebqhe",34.74,10.13
49,92,"ropadols","sefgm",13.23,-66.41
-76,6,"sefgm","f",-50.41,92.35
19,17,"lskdj","gao",72.47,-12.49
30,-66,"hpdbfnqcaf","dgq",-65.25,49.68
-62,85,"cdl","cdl",43.08,3.98
-17,-66,"hpdbfnqcaf","ah",-14.12,-21.42
-66,-72,"sefgm","el",-16.57,82.29
6,-97,"ah","gcsml",-10.2,33.06
-38,-15,"cfebbs","",50.88,-4.63
-4,8,"kror","khidignbnd",39.65,-99.21
-72,24,"gcsml","g",-95.9,41.04
-4,92,"kror","ropadols",74.02,73.32
28,21,"d","gcsml",71.18,-9.43
-37,-14,"","",94.44,-70.9
-76,22,"kror","qhamdn",90.18,-38.87
-31,75,"kdndgp","ah",39.51,-6.32
1,35,"abcs","mlgnsafsfn",-78.15,-26.15
-49,-15,"","abcs",-50.3,-91.52
85,-52,"cdl","",-38.12,3.33
33,-93,"kdndgp","kf",-27.45,-38.76
56,49,"kf","qcfacimfsk",-5.73,15.93
80,-1,"rnelomnqq","lsib",-87.83,-51.16
-88,78,"cfebbs","sefgm",54.68,76.67
-55,55,"prme","",0.81,-59.97
90,38,"cfebbs","hpdbfnqcaf",-63.83,-47.54
24,14,"oc","",-52.82,-78.16
-14,-85,"rnelomnqq","kdndgp",21.62,-75.57
-98,96,"fn","kf",-74.71,34.28
-33,74,"ah","phlk",-58.49,10.18
44,-47,"kqeegrgqp","f",-30.47,71.86
61,15,"rddnci","ksgss",11.43,-46.76
71,44,"prme","hpdbfnqcaf",-51.84,-15.72
-31,87,"ksgss","cfebbs",-92.44,38.3
22,-58,"hqjpo","oc",-33.76,-43.58
-40,54,"khidignbnd","nch",88.68,-3.61
-35,19,"prme","ncosio",-27.13,-56.77
-39,61,"mfonorr","ddlrd",-57.62,-87.18
-26,76,"f","g",57.21,67.71
-75,68,"mlgnsafsfn","kf",-43.29,-72.22
9,73,"bgkb","jlohahpa",3.35,-83.69
-69,33,"ropadols","ksgss",23.49,-53.47
5,-98,"g","prme",56.74,60.26
-85,-53,"d","ds",-95.53,33.52
13,-46,"phlk","nch",-69.23,58.0
-60,32,"ksgss","kqeegrgqp",90.43,-44.67
77,-45,"gao","ncosio",95.67,34.22
85,-81,"abld","hqjpo",81.66,17.01
-5,-66,"ds","nqqnid",71.74,-5.02
-45,2,"oc","cdl",95.05,52.36
-43,82,"lsib","rnelomnqq",-97.89,27.4
-37,-73,"kf","",-52.72,84.61
62,5,"ah","kror",86.56,94.37
1,75,"qcfacimfsk","bgkb",39.38,96.1
-3,-31,"g","hpdbfnqcaf",-8.49,79.18
28,92,"","cfebbs",52.01,67.31
76,36,"lsib","g",72.05,37.68
-51,6,"qcfacimfsk","",-39.18,-70.53
-59,-78,"bgkb","d",54.64,94.53
18,-59,"","jlohahpa",-83.7,43.71
53,74,"mlgnsafsfn","dgq",-70.94,-82.66
31,-21,"dgq","phlk",37.11,94.22
-25,69,"mlgnsafsfn","hqjpo",-95.64,70.01
76,29,"kror","okn",-29.47,-12.81
61,-56,"dkofr","okn",-42.46,-20.73
56,83,"cfebbs","e",94.8,-69.04
-34,-95,"hpdbfnqcaf","qhamdn",-37.06,42.05
-90,-96,"okn","lsib",-26.46,94.36
-21,20,"fn","lskdj",59.79,7.87
96,28,"nch","lskdj",-81.66,-5.85
34,-56,"abcs","ah",-14.53,58.67
-31,82,"gcsml","ebqhe",89.99,-97.42
-21,-76,"rddnci","",28.05,2.31
-36,-42,"sefgm","jlohahpa",89.44,18.39
-7,-21,"nqqnid","",-88.13,75.31
91,75,"phlk","jlohahpa",-18.32,5.28
53,37,"ds","f",-50.45,17.2
15,-86,"kqeegrgqp","lsib",-0.27,-0.3
28,76,"okn","hpdbfnqcaf",88.98,-95.89
-66,-10,"dkofr","phlk",-1.65,-4.81
-57,-94,"abcs","cfebbs",-13.97,31.39
42,79,"qcfacimfsk","ropadols",-50.72,-37.84
38,100,"mfonorr","gao",33.5,51.11
-62,88,"rnelomnqq","fn",-2.9,-73.7
-81,75,"","cdl",76.28,44.15
14,2,"cdl","hpdbfnqcaf",38.93,86.12
58,89,"ebqhe","lskdj",94.47,78.36
-96,-66,"kror","ds",49.14,-26.52
54,-97,"mfonorr","khidignbnd",-18.72,85.82
62,88,"f","okn",-16.03,22.51
93,82,"g","cfebbs",-25.0,-20.17
-15,19,"ddlrd","gao",-67.54,-15.69
88,26,"hpdbfnqcaf","e",-89.44,60.05
-82,18,"ebqhe","cdl",60.2,3.32
-28,-7,"kf","ksgss",-35.0,-12.13
73,64,"dkofr","ropadols",15.04,-99.24
45,45,"rddnci","f",-47.33,40.89
75,29,"fn","ddlrd",98.55,-17.61
-6,83,"okn","ddlrd",6.98,-93.33
-44,-58,"gcsml","rddnci",-72.53,2.5
3,-39,"","mlgnsafsfn",-61.24,54.26
-30,-76,"f","mfonorr",-91.53,-66.12
81,-12,"dgq","sefgm",-81.1,-50.85
47,-76,"cfebbs","mfonorr",6.98,-57.22
80,83,"mfonorr","kror",-95.05,70.93
54,21,"","f",-84.18,80.87
-36,-95,"dkofr","abld",-42.12,21.24
65,-4,"mfonorr","prme",-21.34,30.78
9,10,"dkofr","g",47.73,72.57
93,7,"mlgnsafsfn","",85.69,13.3
60,7,"","gcsml",9.9,2.66
-14,19,"gao","phlk",42.6,98.0
-80,-65,"fn","gcsml",-81.62,92.58
-61,2,"lsib","hqjpo",-77.7,-85.14
55,-18,"ah","cfebbs",-75.39,-1.16
100,-81,"ebqhe","g",52.84,-89.89
-76,-17,"g","cdl",-84.11,92.19
-81,-1,"cfebbs","nch",-54.52,98.83
-44,96,"cdl","fn",-54.09,-7.21
49,-59,"ncosio","dkofr",-77.54,-13.76
59,16,"ropadols","lskdj",-5.68,-57.01
87,32,"ebqhe","mlgnsafsfn",-33.31,-43.67
-12,-93,"","e",97.95,-47.32
64,1,"g","g",2.46,74.15
93,-15,"qcfacimfsk","ropadols",39.9,-90.18
69,-92,"d","okn",42.77,-90.09
28,93,"gcsml","g",22.23,-32.96
39,-86,"mlgnsafsfn","g",-51.39,55.68
79,80,"cfebbs","hqjpo",-83.26,-76.83
-9,29,"ksgss","khidignbnd",-71.98,94.65
-77,8,"","cfebbs",-54.6,33.67
-40,76,"g","kf",94.41,80.96
-25,-47,"kf","bgkb",31.93,-40.36
87,-72,"gao","bgkb",-1.45,-83.77
74,84,"mlgnsafsfn","khidignbnd",-86.02,43.18
54,87,"oc","hqjpo",-35.62,-40.92
18,-40,"cfebbs","g",34.84,65.79
-49,75,"lsib","dgq",-75.3,83.14
-50,74,"ropadols","ah",-44.3,-48.67
85,-63,"kdndgp","e",-7.92,-2.56
-19,71,"okn","kror",12.96,29.63
-64,91,"","ropadols",55.22,-87.61
6,65,"kf","phlk",7.2,-35.0
35,34,"abcs","ksgss",91.19,35.45
-9,-68,"lskdj","hpdbfnqcaf",68.87,57.36
52,-75,"okn","cdl",-82.07,9.15
-17,-57,"abcs","mfonorr",3.44,47.02
-69,-14,"nqqnid","kdndgp",-81.54,60.18
70,20,"ds","ebqhe",48.21,33.89
97,-96,"ksgss","kror",-49.43,89.56
-29,-45,"kdndgp","kdndgp",-17.66,-78.31
46,97,"gao","ncosio",-57.57,-27.64
-69,17,"kf","dgq",-78.12,63.14
84,35,"lsib","oc",-91.98,29.7
-56,-96,"kqeegrgqp","el",61.38,-41.9
8,28,"","ddlrd",-73.44,91.46
-99,68,"rnelomnqq","mfonorr",71.27,-80.23
10,-78,"kror","gao",-65.72,-51.41
-41,8,"gao","mfonorr",-26.11,62.32
-42,-23,"ah","dgq",84.79,77.13
20,-30,"kqeegrgqp","lskdj",81.32,-93.03
-8,-66,"fn","",14.16,-74.92
-63,-73,"cdl","rnelomnqq",1.81,48.73
14,-76,"oc","oc",65.07,57.71
90,-66,"hqjpo","f",-55.91,52.13
1,63,"lskdj","kqeegrgqp",70.85,64.55
-18,18,"kdndgp","okn",81.57,77.83
93,48,"qhamdn","ksgss",54.29,29.36
97,77,"nqqnid","abld",-51.33,89.53
19,96,"cfebbs","gao",67.07,90.87
-73,46,"khidignbnd","ksgss",91.4,-22.94
9,96,"lskdj","ddlrd",-88.3,-28.21
37,2,"prme","",57.82,75.45
-87,48,"jlohahpa","gcsml",-55.83,53.93
-69,16,"lsib","ebqhe",-3.83,-49.12
-78,54,"g","oc",-93.45,10.13
-55,11,"g","mlgnsafsfn",84.06,92.3
-74,15,"fn","",33.05,7.76
96,96,"sefgm","prme",15.59,-98.52
73,67,"rnelomnqq","kdndgp",50.43,68.77
-90,-17,"oc","kror",27.68,-24.48
-38,-91,"ds","okn",35.59,44.32
29,82,"okn","f",15.8,86.83
15,85,"gao","",-79.03,9.41
27,-20,"cfebbs","lsib",4.76,-95.58
31,-59,"ddlrd","el",-6.98,-11.44
-1,47,"phlk","d",-7.18,19.31
50,51,"cdl","mlgnsafsfn",96.99,76.76
64,-64,"rddnci","ds",-78.82,71.19
-36,84,"dgq","dkofr",-75.08,94.12